{
  "model": "RandomForest",
  "feature_names": [
    "score",
    "ma5_div",
    "ma10_div",
    "ret5",
    "ret20",
    "vol20",
    "vol_ratio",
    "day_range",
    "ma20_pos"
  ],
  "n_records": 125,
  "cv_r2_mean": -0.2044715902746622,
  "cv_r2_std": 0.35476180573856037,
  "cv_acc_mean": 0.648,
  "cv_acc_std": 0.068818602136341,
  "llm_score_accuracy": 0.608,
  "ml_classifier_accuracy": 0.88,
  "ml_regressor_accuracy": 0.8,
  "feature_importance_reg": {
    "vol20": 0.2017921725286753,
    "ma10_div": 0.15509822645492338,
    "score": 0.15350336566672626,
    "ret20": 0.09849749700342261,
    "ret5": 0.09524050843019835,
    "ma5_div": 0.09017456942540401,
    "ma20_pos": 0.08570142472697881,
    "day_range": 0.08455596291132293,
    "vol_ratio": 0.03543627285234837
  },
  "feature_importance_clf": {
    "vol20": 0.1954462859746696,
    "day_range": 0.14737275383890608,
    "ret20": 0.13794712210314466,
    "ma10_div": 0.12520022719581164,
    "ma20_pos": 0.11152519411008156,
    "vol_ratio": 0.08282092603365027,
    "ma5_div": 0.08117556475934679,
    "ret5": 0.06670578397833479,
    "score": 0.05180614200605442
  }
}