{
  "model": "RandomForest",
  "feature_names": [
    "score",
    "ma5_div",
    "ma10_div",
    "ret5",
    "ret20",
    "vol20",
    "vol_ratio",
    "day_range",
    "ma20_pos"
  ],
  "n_records": 151,
  "cv_r2_mean": -0.19776930101496043,
  "cv_r2_std": 0.2611236304168173,
  "cv_acc_mean": 0.6361290322580644,
  "cv_acc_std": 0.07953094077116664,
  "llm_score_accuracy": 0.6357615894039735,
  "ml_classifier_accuracy": 0.8675496688741722,
  "ml_regressor_accuracy": 0.8675496688741722,
  "feature_importance_reg": {
    "score": 0.16235967452941213,
    "vol_ratio": 0.1556628096923615,
    "ret20": 0.12693061766603797,
    "ma10_div": 0.1204688388193404,
    "vol20": 0.11605670403074175,
    "day_range": 0.0951013801322961,
    "ma20_pos": 0.09086897136174517,
    "ma5_div": 0.07090628638752491,
    "ret5": 0.061644717380540136
  },
  "feature_importance_clf": {
    "vol20": 0.1703466456862585,
    "day_range": 0.16147753708621307,
    "ret20": 0.125722411932455,
    "ma10_div": 0.12018889590584803,
    "ma20_pos": 0.1066991227494349,
    "score": 0.09180674381361453,
    "vol_ratio": 0.09170953412373184,
    "ma5_div": 0.06977250726656753,
    "ret5": 0.06227660143587649
  }
}